{"train": [0.13356556981352927, 0.10127232002382165, 0.0987890511292629, 0.09749487115003813, 0.09640999958203736, 0.09509496344806838, 0.0946647257074486, 0.0935887947112499, 0.09267593205294529, 0.09187585137569439, 0.09129332342613583, 0.09081425846685579, 0.08975076914017037, 0.08860426674579572, 0.0878792953280596, 0.08718175512496604, 0.08642769330030968, 0.08550840855460672, 0.08462647344768427, 0.08441055712965277, 0.08343478608781595, 0.08264177459243097, 0.0816963399825254, 0.08170403272912842, 0.08022211687655167, 0.07936176428719975, 0.07885333745786209, 0.0754606150128643, 0.07441906296175309, 0.07338149806307487, 0.07279939820091849, 0.07226163043256324, 0.0713136839199691, 0.06901503183146866, 0.06853313091114568, 0.0679816726772257, 0.0674693842476996, 0.06713476922388342, 0.06679421395351177, 0.06542369325333773, 0.06507713837922252, 0.06461620866676795, 0.06449692624309598, 0.06430295822787745, 0.06401795632615433, 0.06328724955678214, 0.06316721249144075, 0.06291712757677523, 0.06285966361804861, 0.06253705407589269, 0.06242242586484308, 0.06212980495465378, 0.061831650604036954, 0.06204541974206074, 0.06195710678323977, 0.06172985371189581, 0.06163764969210167, 0.061348725496103484, 0.0614852079274117, 0.06125297578975103, 0.06124994984522766, 0.061246495810930314, 0.06154697075729687, 0.061338242025593695, 0.06101325419628661, 0.06096853519883165, 0.06093908805109194, 0.06110178784535271, 0.061070323195972546, 0.06084104063675592, 0.060870431615782865, 0.06096514880242924, 0.06087659399225954, 0.060867173395614524, 0.06073464601220016, 0.06102293418682416, 0.060866318365593766, 0.06094921169903743, 0.0606349067745101, 0.06078110570056405], "val": [0.3464222848415375, 0.3241141736507416, 0.32669302821159363, 0.3320865333080292, 0.33311906456947327, 0.326154500246048, 0.31806761026382446, 0.3168744742870331, 0.31829598546028137, 0.3171708881855011, 0.31930986046791077, 0.3164382874965668, 0.31434574723243713, 0.31310805678367615, 0.31675392389297485, 0.3127079904079437, 0.3198249340057373, 0.31096816062927246, 0.31152820587158203, 0.30816611647605896, 0.30576959252357483, 0.306807279586792, 0.3107886016368866, 0.3099009096622467, 0.31028178334236145, 0.3115943372249603, 0.3100842237472534, 0.31052377820014954, 0.31488358974456787, 0.3164880871772766, 0.31515800952911377, 0.3170301020145416, 0.3187292516231537, 0.3177567422389984, 0.3206648826599121, 0.32027843594551086, 0.32131215929985046, 0.3223927319049835, 0.32436731457710266, 0.3227219879627228, 0.32471320033073425, 0.3245288133621216, 0.32527217268943787, 0.3257094621658325, 0.32500502467155457, 0.3252435624599457, 0.3262846767902374, 0.3262917101383209, 0.326259046792984, 0.3276319205760956, 0.32771503925323486, 0.32747042179107666, 0.3275042772293091, 0.3280905783176422, 0.3280922472476959, 0.3281288146972656, 0.3283107578754425, 0.32835447788238525, 0.3282719552516937, 0.3284398913383484, 0.32851892709732056, 0.3286548852920532, 0.328802227973938, 0.3287479877471924, 0.32876425981521606, 0.3290742337703705, 0.3291080892086029, 0.3290351331233978, 0.3289248049259186, 0.3291144073009491, 0.32910123467445374, 0.3291381299495697, 0.3292234241962433, 0.32933309674263, 0.32930630445480347, 0.32928887009620667, 0.3293026387691498, 0.3293060064315796, 0.32932281494140625, 0.3293555676937103]}