{"train": [0.13319106663123456, 0.09829703755107518, 0.09623267473763643, 0.09465911335522129, 0.09384362453971128, 0.09222215797328383, 0.09177129472809858, 0.09114399282910018, 0.09059387647210033, 0.08958404017881141, 0.0884221365362254, 0.08784322625307558, 0.08678294707513422, 0.08656473524223361, 0.0859476878087974, 0.08560692980657814, 0.08480903035716007, 0.08413149932548024, 0.08300217549065175, 0.08350505927144368, 0.0825592483787565, 0.08221797724784129, 0.08122546067034449, 0.08071857650965097, 0.08077285486844278, 0.08010746429853002, 0.08018331671788251, 0.07958791516910992, 0.07982526086460552, 0.07876663390034731, 0.079516961089065, 0.078200366740164, 0.0780708970650651, 0.07770510769254688, 0.07707732122751974, 0.07755298302184746, 0.07667848773945775, 0.07648316273032506, 0.07627965775531904, 0.07584261667799262, 0.07557289018366858, 0.07527456155555964, 0.07496746149426405, 0.074895465427121, 0.07444000980344005, 0.07434262070292529, 0.0741403438087635, 0.07391456322956369, 0.07346693696438356, 0.07332876552345392, 0.07299837431473521, 0.07290274505021212, 0.07280438003748503, 0.07262201122749844, 0.0723382780148137, 0.07220616779829327, 0.07188368666480677, 0.07184044900389802, 0.07170709182709101, 0.07147282401197835, 0.0713861504022557, 0.07122544477518224, 0.07113417896405748, 0.07110753252545722, 0.07090942788053246, 0.07092677584275325, 0.07082511707887382, 0.07061439747518919, 0.07052166272960414, 0.070437299312173, 0.07044111461661667, 0.07034320338093161, 0.0702957969430853, 0.0702600963034229, 0.07017613192846293, 0.07008371289016233, 0.07002399094617832, 0.07006728979924944, 0.07011615746798458, 0.07001182254789641], "val": [0.33691203594207764, 0.33597636222839355, 0.3392338752746582, 0.3439924716949463, 0.3395772874355316, 0.35023319721221924, 0.35328587889671326, 0.35867300629615784, 0.348642498254776, 0.34729960560798645, 0.35962021350860596, 0.3596288859844208, 0.35700297355651855, 0.3576854169368744, 0.36369916796684265, 0.3690756857395172, 0.36393460631370544, 0.35976096987724304, 0.36703792214393616, 0.36153289675712585, 0.3744870722293854, 0.37222054600715637, 0.3820077180862427, 0.3723630905151367, 0.3710591495037079, 0.36814430356025696, 0.376071959733963, 0.36682578921318054, 0.3693014085292816, 0.3540032207965851, 0.3646104335784912, 0.3679306209087372, 0.3695755898952484, 0.36952197551727295, 0.37305426597595215, 0.3756934106349945, 0.3682643175125122, 0.37789657711982727, 0.3780655562877655, 0.383047491312027, 0.3775083124637604, 0.3745839297771454, 0.379584938287735, 0.38745570182800293, 0.382070928812027, 0.3903878629207611, 0.3838602602481842, 0.39142265915870667, 0.39085307717323303, 0.39013025164604187, 0.38703450560569763, 0.39769601821899414, 0.39240312576293945, 0.3957792818546295, 0.3984956741333008, 0.3940671682357788, 0.39560237526893616, 0.3968747556209564, 0.4021380841732025, 0.40236368775367737, 0.4000425338745117, 0.3986423909664154, 0.40057551860809326, 0.3984019458293915, 0.3990263044834137, 0.4027191400527954, 0.4001084268093109, 0.39831772446632385, 0.40140989422798157, 0.40109696984291077, 0.40138182044029236, 0.4007657766342163, 0.4006091058254242, 0.4015301764011383, 0.4015920162200928, 0.401968389749527, 0.4020327031612396, 0.40196576714515686, 0.40196070075035095, 0.4019562005996704]}