{"train": [0.1289000695064171, 0.12212350434347974, 0.12258057786030119, 0.1199520443699641, 0.12178621659461374, 0.12683595079957075, 0.12278595542735828, 0.12444784237898134, 0.12090135829569021, 0.12258813103330753, 0.12106797465323088, 0.1200864779951716, 0.12282516952032149, 0.11976856180009345, 0.12235444873900005, 0.11975372126096887, 0.12046416151867366, 0.11920100412599306, 0.11938577224330643, 0.11843009343950602, 0.11912912628009119, 0.11812558480750918, 0.11720396020940242, 0.12068492806721179, 0.1174559510764022, 0.11768749064313243, 0.11654810997656688, 0.11710335992662152, 0.11621423621770181, 0.11532946718039909, 0.1140307058865383, 0.1162523710191806, 0.11400385771303788, 0.11359797289833566, 0.11355582152930127, 0.11332184225131234, 0.11328468224676713, 0.11234120516212337, 0.11231919594481904, 0.11333963222820644, 0.11087809677494088, 0.10978663023292665, 0.10970341753249355, 0.10955127220888376, 0.10889999690742894, 0.10818259980753886, 0.10756671977204929, 0.1068711977790128, 0.10547774641492591, 0.10413036549478087, 0.10400821114680947, 0.10307154670180761, 0.10233251243020842, 0.10189899694778032, 0.1017744457404476, 0.10043626351943959, 0.10058721966340038, 0.09997653341563806, 0.09921514228984803, 0.09857072207865016, 0.09793465408837017, 0.09720064238333116, 0.0966206818149189, 0.09605356218629818, 0.09530624356105026, 0.09408800238214174, 0.09355300664901733, 0.09276905726006317, 0.09157259776821776, 0.09093761995460038, 0.09043918995848645, 0.08958567900107613, 0.08947321595947959, 0.08903963058757215, 0.08868932364424778, 0.08809292787232573, 0.08790179523082484, 0.0877949598358282, 0.08784094348587759, 0.08738933164907574], "val": [0.3388575315475464, 0.341048002243042, 0.33231624960899353, 0.3379755914211273, 0.35417041182518005, 0.4914456605911255, 0.3296554386615753, 0.35872745513916016, 0.3331659138202667, 0.34879520535469055, 0.32897791266441345, 0.4242244064807892, 0.3830392062664032, 0.3398214876651764, 0.4214601218700409, 0.3352482318878174, 0.3311520516872406, 0.3482840061187744, 0.3248538672924042, 0.346019983291626, 0.3443244397640228, 0.3611481189727783, 0.3329647481441498, 0.34359848499298096, 0.3348556458950043, 0.3417549431324005, 0.3386802673339844, 0.3518035411834717, 0.37457796931266785, 0.3477274179458618, 0.33594122529029846, 0.35455429553985596, 0.33487066626548767, 0.3388417661190033, 0.3398703634738922, 0.3468360900878906, 0.3341226577758789, 0.3375794589519501, 0.3372676372528076, 0.32968011498451233, 0.34783539175987244, 0.3371601402759552, 0.3358227014541626, 0.3269137442111969, 0.3366982936859131, 0.3492080867290497, 0.33149072527885437, 0.3477722704410553, 0.3498706817626953, 0.33449041843414307, 0.3377953767776489, 0.3344666063785553, 0.33355283737182617, 0.33262673020362854, 0.33598145842552185, 0.3300609886646271, 0.3348146677017212, 0.33589330315589905, 0.34025469422340393, 0.34437569975852966, 0.33956241607666016, 0.34190940856933594, 0.33520808815956116, 0.3449050486087799, 0.3438359797000885, 0.3428783416748047, 0.3447299897670746, 0.3471392095088959, 0.34910640120506287, 0.348713755607605, 0.34589675068855286, 0.3486952483654022, 0.3486711084842682, 0.34801676869392395, 0.35098397731781006, 0.34872326254844666, 0.3508433401584625, 0.35048651695251465, 0.3510703146457672, 0.35088661313056946]}