{"train": [0.31101979082133496, 0.2735973339097029, 0.2228934921983148, 0.17604762721223896, 0.13966910024078524, 0.12077187979910649, 0.09508720841132054, 0.07744581074941725, 0.07163115063694869, 0.06448866847623773, 0.05783356634937987, 0.05496629053840832, 0.05293048862494579, 0.05105566425996573, 0.04882236613201446, 0.04756638706744123, 0.04560191665782409, 0.04498738734697809, 0.04368494255911736, 0.04215334203778481, 0.041642877368294466, 0.04084141656350927, 0.039446668585344236, 0.03956579242129715, 0.03794032738220935, 0.03837512565307877, 0.03710701615631986, 0.036601871036651995, 0.036863569208249757, 0.03582575998338712, 0.03581602579983724, 0.0353461863080255, 0.034651018451063, 0.034981819997433904, 0.03516038428662586, 0.034368853458539156, 0.03450446831835371, 0.03391448043438853, 0.03382863473071127, 0.033792189772234485, 0.03332900514408034, 0.03280781726447903, 0.032839641127051136, 0.03238813695656199, 0.03278559499553272, 0.03211714507264345, 0.032536105525230063, 0.03206040254052805, 0.032241364497514, 0.03188740329018661, 0.03205683291414563, 0.031572142527216955, 0.03211693460641264, 0.03180128204173782, 0.03147868178531426, 0.03152746666653627, 0.03174905656349091, 0.03104565798171929, 0.030867449026934956, 0.03126455529206464, 0.0310751960619169, 0.031004257322776885, 0.03060243471341879, 0.030661130691466688], "val": [0.7526323199272156, 0.7133985161781311, 0.6502740979194641, 0.5567243099212646, 0.41650858521461487, 0.28507140278816223, 0.2803466022014618, 0.30099910497665405, 0.2713039517402649, 0.22028595209121704, 0.18316644430160522, 0.1808817982673645, 0.1853722780942917, 0.19213522970676422, 0.19571025669574738, 0.19023312628269196, 0.18610511720180511, 0.1904251128435135, 0.1888260841369629, 0.1878955215215683, 0.18573664128780365, 0.18286816775798798, 0.19150970876216888, 0.1934896856546402, 0.18895941972732544, 0.1842396855354309, 0.18082402646541595, 0.17820490896701813, 0.176876962184906, 0.1764795035123825, 0.17704738676548004, 0.17744775116443634, 0.17906205356121063, 0.17983539402484894, 0.17986524105072021, 0.17997336387634277, 0.17861014604568481, 0.1776133030653, 0.17683537304401398, 0.1766667366027832, 0.17598341405391693, 0.17592370510101318, 0.1760534793138504, 0.17628113925457, 0.17489908635616302, 0.1728859692811966, 0.1731482744216919, 0.17433327436447144, 0.17378471791744232, 0.1727541834115982, 0.17301137745380402, 0.17359374463558197, 0.17434142529964447, 0.17473560571670532, 0.1747475117444992, 0.1744510531425476, 0.17433904111385345, 0.17503054440021515, 0.17553915083408356, 0.17588119208812714, 0.17647545039653778, 0.17652656137943268, 0.17643578350543976, 0.17661327123641968]}