{"train": [0.10639975905253952, 0.09937969082096791, 0.09798211584749975, 0.09750381642747007, 0.09652974664159308, 0.09610503960989024, 0.09576934891956873, 0.09512776332308107, 0.09450737561663718, 0.09418546332991942, 0.09373467070713057, 0.09347290670932452, 0.09255659760486695, 0.09270654342980053, 0.09250282501431849, 0.09171077033824244, 0.09178209593061022, 0.09125967531232558, 0.0913366366364378, 0.09116046190742523, 0.09096092078834772, 0.09032781373437475, 0.09039991495242193, 0.08993038292563124, 0.09004847177403942, 0.08943815105744908, 0.08955446058956998, 0.08956459499990445, 0.08911355607470905, 0.08895594747547307, 0.08850922047339241, 0.08841483811065175, 0.08819824945915282, 0.0878736347921433, 0.08771649695433208, 0.0878382695962142, 0.08778979573620195, 0.08738309001243327, 0.08726353739215938, 0.0872025502804534, 0.08705227025934766, 0.08657935779883269, 0.0865090156388303, 0.08631820758529551, 0.08624490864688755, 0.08593971962314763, 0.0857491031833031, 0.08535608772586886, 0.0851980739388558, 0.08498638062081687, 0.08487286788517379, 0.0850119168754724, 0.0845306361076724, 0.08449680440867847, 0.08439420453938443, 0.08407517979696318, 0.08398832944071581, 0.08393261079630594, 0.0835561487596033, 0.08350316773473913, 0.08325941865735628, 0.08311846472658153, 0.082867585940062, 0.08290005229407185, 0.08267615695526674, 0.0827665969757885, 0.0824718823773448, 0.08229748943128033, 0.0823840083742549, 0.08219599891106119, 0.08204032684690579, 0.0820057875127334, 0.0818449306477285, 0.0818757359729052, 0.08185689953584319, 0.08178926527607673, 0.0817268283781556, 0.0817327317204611, 0.08156347550065944, 0.08160484757777209], "val": [0.3350987434387207, 0.3309638202190399, 0.3333728611469269, 0.330931693315506, 0.331815242767334, 0.32444867491722107, 0.32789915800094604, 0.3294026851654053, 0.325774222612381, 0.34044623374938965, 0.3241710364818573, 0.3334237039089203, 0.33226093649864197, 0.32771405577659607, 0.327418714761734, 0.32959744334220886, 0.3360772132873535, 0.3398278057575226, 0.3320700526237488, 0.33770108222961426, 0.3297203779220581, 0.3320852220058441, 0.3297569751739502, 0.3309594690799713, 0.3335324823856354, 0.33821654319763184, 0.33494511246681213, 0.3284577429294586, 0.3389129638671875, 0.3380584418773651, 0.33592307567596436, 0.3307223320007324, 0.3368675708770752, 0.334185391664505, 0.33044180274009705, 0.33241796493530273, 0.3276832103729248, 0.32992085814476013, 0.33958756923675537, 0.33522728085517883, 0.33295509219169617, 0.3382723331451416, 0.3291797637939453, 0.32910263538360596, 0.33851537108421326, 0.33528029918670654, 0.3352634012699127, 0.3356238305568695, 0.3355933725833893, 0.3384365737438202, 0.33681023120880127, 0.3366733491420746, 0.3409669101238251, 0.33821091055870056, 0.3389517068862915, 0.3400466740131378, 0.3392317593097687, 0.33916768431663513, 0.3389340937137604, 0.3387978971004486, 0.3409048616886139, 0.3422161042690277, 0.34198009967803955, 0.34055575728416443, 0.34018754959106445, 0.3412681519985199, 0.34358537197113037, 0.3428531885147095, 0.34205278754234314, 0.3434129059314728, 0.3428104817867279, 0.3438730239868164, 0.3443947732448578, 0.34483280777931213, 0.3443831205368042, 0.3440495431423187, 0.3441742956638336, 0.3442625105381012, 0.34420275688171387, 0.34419405460357666]}