{"train": [0.3809070994659346, 0.34494630414612437, 0.2879164336489982, 0.23471541418915703, 0.18354135508439978, 0.13809081780261734, 0.10893480124927703, 0.08793140197692274, 0.07649992877731518, 0.07042489129872549, 0.06607412785088936, 0.056525880863674646, 0.05323490165934271, 0.05189234841944409, 0.04855169330527182, 0.04969993623949233, 0.04615703797867509, 0.04556893037796832, 0.04211061784908885, 0.0429071979153724, 0.03833025328967036, 0.03976998326121545, 0.03900488704240241, 0.03755683150319826, 0.036473890399040816, 0.03536715178566725, 0.03632707001806117, 0.0349962122890414, 0.03387069192772009], "val": [0.7182487845420837, 0.6683582663536072, 0.6017104983329773, 0.5241356492042542, 0.44213223457336426, 0.3597732484340668, 0.2865690588951111, 0.2508448660373688, 0.2501393258571625, 0.2543206214904785, 0.23305457830429077, 0.20005758106708527, 0.1770956665277481, 0.1690383106470108, 0.16741251945495605, 0.16493646800518036, 0.15986309945583344, 0.1610204130411148, 0.16551151871681213, 0.16758210957050323, 0.1637958139181137, 0.1611563116312027, 0.15956829488277435, 0.16096937656402588, 0.16107617318630219, 0.16158871352672577, 0.15974949300289154, 0.1581287831068039, 0.158439502120018]}