{"train": [0.3637639255750747, 0.3697937027532227, 0.3678081289035122, 0.36492249714273983, 0.36612584254368635, 0.355971905244451, 0.3615123958003764, 0.3602192087643811, 0.3519294598475605, 0.36083853548886824, 0.34697777174767996, 0.3500412414674045, 0.3508888328967451, 0.3371251193033595, 0.3408107346012479, 0.3395123473641013, 0.3418784688930122, 0.3481795412748038, 0.34493406106825586, 0.33623227821726376, 0.33834880752628355, 0.3359292526634372, 0.3393996481587287, 0.3345106710382059, 0.33520975871151, 0.3372915529069446, 0.3357289729475164, 0.33603111700135835, 0.33682130449483183, 0.33402701563575643, 0.33296239700447133, 0.3393356787915133, 0.3385601881004515, 0.33195948093926825, 0.3250699150724476, 0.33020946505118387, 0.33549043597007283, 0.3311738418478544, 0.33472842038894185, 0.32240292105544993, 0.3258972139585586, 0.3297770005099627, 0.3348585205013249, 0.3329984103741289, 0.32337662719544913, 0.3233091669017766, 0.3270549121357146, 0.3252047519294583, 0.3241360726810637, 0.3215854411222497, 0.3244411132368101, 0.3253891279502791, 0.32499874915395466, 0.33454715273007246, 0.33488410995120094, 0.31856862136295866, 0.3254586393330373, 0.32510200710523696, 0.3251821747442492, 0.3229499138942381, 0.3245557514177699, 0.31855227590418184, 0.3285790404089454, 0.317782007715329, 0.3322560284413448, 0.3208230780500944, 0.3252467707711823, 0.32568270657338255, 0.3322282299703481, 0.3243299345580899, 0.32200633790217287, 0.3268202604079733, 0.32126555272511076, 0.3268458658740634, 0.3217326881123238, 0.3191743995867619, 0.3167714683377013, 0.32559470051810857, 0.3261104084196545, 0.3243481916229741], "val": [0.6326281428337097, 0.6303601861000061, 0.6276035904884338, 0.6245952248573303, 0.6212624907493591, 0.618534505367279, 0.6152356266975403, 0.6102123856544495, 0.6050731539726257, 0.603307843208313, 0.6048088669776917, 0.6052455306053162, 0.6041513085365295, 0.6037836074829102, 0.6008090376853943, 0.5982083678245544, 0.5964630246162415, 0.5949086546897888, 0.5920320153236389, 0.5883874297142029, 0.5865420699119568, 0.5861237049102783, 0.585315465927124, 0.5850463509559631, 0.5837632417678833, 0.5811641216278076, 0.5793107748031616, 0.5773811936378479, 0.5760347247123718, 0.5757707953453064, 0.5752955079078674, 0.574045717716217, 0.5725551843643188, 0.5719960927963257, 0.5709639191627502, 0.5691547989845276, 0.5670234560966492, 0.5646186470985413, 0.561489999294281, 0.5587947368621826, 0.5575827956199646, 0.5568791031837463, 0.5556206107139587, 0.5537768006324768, 0.5528748631477356, 0.5512869954109192, 0.549725353717804, 0.5482059121131897, 0.5467298626899719, 0.5457119345664978, 0.54454106092453, 0.5435858964920044, 0.5427715182304382, 0.5419501066207886, 0.5411370992660522, 0.5405372381210327, 0.5402023792266846, 0.5396685004234314, 0.5389378070831299, 0.5385144948959351, 0.5380094647407532, 0.5374743342399597, 0.5370035171508789, 0.5366856455802917, 0.5365011096000671, 0.5362997055053711, 0.5361554026603699, 0.5359967350959778, 0.5358352065086365, 0.535683274269104, 0.535561740398407, 0.5354756712913513, 0.5354208946228027, 0.5353913903236389, 0.535365641117096, 0.5353382229804993, 0.5353177189826965, 0.5353062748908997, 0.53530353307724, 0.5353026986122131]}